Code,Name,Region/Country,Country/region,Supergroup code,Supergroup name,Group code,Group name,Subgroup code,Subgroup name,
E07000098,Hertsmere,East,East,1r,Affluent England,1ar,Rural-Urban Fringe,1a1r,Rural-Urban Fringe,
E07000240,St Albans,East,East,1r,Affluent England,1ar,Rural-Urban Fringe,1a1r,Rural-Urban Fringe,
E07000102,Three Rivers,East,East,1r,Affluent England,1ar,Rural-Urban Fringe,1a1r,Rural-Urban Fringe,
E07000201,Forest Heath,East,East,1r,Affluent England,1ar,Rural-Urban Fringe,1a1r,Rural-Urban Fringe,
E09000006,Bromley,London,London,1r,Affluent England,1ar,Rural-Urban Fringe,1a1r,Rural-Urban Fringe,
E09000027,Richmond upon Thames,London,London,1r,Affluent England,1ar,Rural-Urban Fringe,1a1r,Rural-Urban Fringe,
E06000036,Bracknell Forest,South East,South East,1r,Affluent England,1ar,Rural-Urban Fringe,1a1r,Rural-Urban Fringe,
E06000040,Windsor and Maidenhead,South East,South East,1r,Affluent England,1ar,Rural-Urban Fringe,1a1r,Rural-Urban Fringe,
E07000006,South Bucks,South East,South East,1r,Affluent England,1ar,Rural-Urban Fringe,1a1r,Rural-Urban Fringe,
E07000007,Wycombe,South East,South East,1r,Affluent England,1ar,Rural-Urban Fringe,1a1r,Rural-Urban Fringe,
E07000207,Elmbridge,South East,South East,1r,Affluent England,1ar,Rural-Urban Fringe,1a1r,Rural-Urban Fringe,
E07000208,Epsom and Ewell,South East,South East,1r,Affluent England,1ar,Rural-Urban Fringe,1a1r,Rural-Urban Fringe,
E07000209,Guildford,South East,South East,1r,Affluent England,1ar,Rural-Urban Fringe,1a1r,Rural-Urban Fringe,
E07000211,Reigate and Banstead,South East,South East,1r,Affluent England,1ar,Rural-Urban Fringe,1a1r,Rural-Urban Fringe,
E07000212,Runnymede,South East,South East,1r,Affluent England,1ar,Rural-Urban Fringe,1a1r,Rural-Urban Fringe,
E07000213,Spelthorne,South East,South East,1r,Affluent England,1ar,Rural-Urban Fringe,1a1r,Rural-Urban Fringe,
E07000214,Surrey Heath,South East,South East,1r,Affluent England,1ar,Rural-Urban Fringe,1a1r,Rural-Urban Fringe,
E07000217,Woking,South East,South East,1r,Affluent England,1ar,Rural-Urban Fringe,1a1r,Rural-Urban Fringe,
E07000176,Rushcliffe,East Midlands,East Midlands,1r,Affluent England,1br,Thriving Rural,1b1r,Affluent rural,
E06000056,Central Bedfordshire,East,East,1r,Affluent England,1br,Thriving Rural,1b2r,Rural Growth Areas,
E07000012,South Cambridgeshire,East,East,1r,Affluent England,1br,Thriving Rural,1b1r,Affluent rural,
E07000068,Brentwood,East,East,1r,Affluent England,1br,Thriving Rural,1b2r,Rural Growth Areas,
E07000070,Chelmsford,East,East,1r,Affluent England,1br,Thriving Rural,1b2r,Rural Growth Areas,
E07000071,Colchester,East,East,1r,Affluent England,1br,Thriving Rural,1b2r,Rural Growth Areas,
E07000072,Epping Forest,East,East,1r,Affluent England,1br,Thriving Rural,1b2r,Rural Growth Areas,
E07000077,Uttlesford,East,East,1r,Affluent England,1br,Thriving Rural,1b2r,Rural Growth Areas,
E07000096,Dacorum,East,East,1r,Affluent England,1br,Thriving Rural,1b2r,Rural Growth Areas,
E07000242,East Hertfordshire,East,East,1r,Affluent England,1br,Thriving Rural,1b2r,Rural Growth Areas,
E07000099,North Hertfordshire,East,East,1r,Affluent England,1br,Thriving Rural,1b2r,Rural Growth Areas,
E06000037,West Berkshire,South East,South East,1r,Affluent England,1br,Thriving Rural,1b2r,Rural Growth Areas,
E06000041,Wokingham,South East,South East,1r,Affluent England,1br,Thriving Rural,1b1r,Affluent rural,
E07000004,Aylesbury Vale,South East,South East,1r,Affluent England,1br,Thriving Rural,1b2r,Rural Growth Areas,
E07000005,Chiltern,South East,South East,1r,Affluent England,1br,Thriving Rural,1b1r,Affluent rural,
E07000084,Basingstoke and Deane,South East,South East,1r,Affluent England,1br,Thriving Rural,1b2r,Rural Growth Areas,
E07000085,East Hampshire,South East,South East,1r,Affluent England,1br,Thriving Rural,1b1r,Affluent rural,
E07000089,Hart,South East,South East,1r,Affluent England,1br,Thriving Rural,1b1r,Affluent rural,
E07000093,Test Valley,South East,South East,1r,Affluent England,1br,Thriving Rural,1b2r,Rural Growth Areas,
E07000094,Winchester,South East,South East,1r,Affluent England,1br,Thriving Rural,1b1r,Affluent rural,
E07000110,Maidstone,South East,South East,1r,Affluent England,1br,Thriving Rural,1b2r,Rural Growth Areas,
E07000111,Sevenoaks,South East,South East,1r,Affluent England,1br,Thriving Rural,1b2r,Rural Growth Areas,
E07000115,Tonbridge and Malling,South East,South East,1r,Affluent England,1br,Thriving Rural,1b2r,Rural Growth Areas,
E07000116,Tunbridge Wells,South East,South East,1r,Affluent England,1br,Thriving Rural,1b2r,Rural Growth Areas,
E07000177,Cherwell,South East,South East,1r,Affluent England,1br,Thriving Rural,1b2r,Rural Growth Areas,
E07000179,South Oxfordshire,South East,South East,1r,Affluent England,1br,Thriving Rural,1b1r,Affluent rural,
E07000180,Vale of White Horse,South East,South East,1r,Affluent England,1br,Thriving Rural,1b1r,Affluent rural,
E07000181,West Oxfordshire,South East,South East,1r,Affluent England,1br,Thriving Rural,1b1r,Affluent rural,
E07000210,Mole Valley,South East,South East,1r,Affluent England,1br,Thriving Rural,1b1r,Affluent rural,
E07000215,Tandridge,South East,South East,1r,Affluent England,1br,Thriving Rural,1b2r,Rural Growth Areas,
E07000216,Waverley,South East,South East,1r,Affluent England,1br,Thriving Rural,1b1r,Affluent rural,
E07000227,Horsham,South East,South East,1r,Affluent England,1br,Thriving Rural,1b2r,Rural Growth Areas,
E07000228,Mid Sussex,South East,South East,1r,Affluent England,1br,Thriving Rural,1b2r,Rural Growth Areas,
E08000021,Newcastle upon Tyne,North East,North East,2r,"Business, Education and Heritage Centres ",2ar,Larger Towns and Cities,2a1r,Larger Towns and Cities,
E08000003,Manchester,North West,North West,2r,"Business, Education and Heritage Centres ",2br,University Towns and Cities,2b1r,University Towns and Cities,
E07000121,Lancaster,North West,North West,2r,"Business, Education and Heritage Centres ",2ar,Larger Towns and Cities,2a1r,Larger Towns and Cities,
E07000123,Preston,North West,North West,2r,"Business, Education and Heritage Centres ",2ar,Larger Towns and Cities,2a1r,Larger Towns and Cities,
E08000012,Liverpool,North West,North West,2r,"Business, Education and Heritage Centres ",2ar,Larger Towns and Cities,2a1r,Larger Towns and Cities,
E06000014,York,Yorkshire and The Humber,Yorkshire and The Humber,2r,"Business, Education and Heritage Centres ",2ar,Larger Towns and Cities,2a1r,Larger Towns and Cities,
E08000019,Sheffield,Yorkshire and The Humber,Yorkshire and The Humber,2r,"Business, Education and Heritage Centres ",2ar,Larger Towns and Cities,2a1r,Larger Towns and Cities,
E08000035,Leeds,Yorkshire and The Humber,Yorkshire and The Humber,2r,"Business, Education and Heritage Centres ",2ar,Larger Towns and Cities,2a1r,Larger Towns and Cities,
E06000018,Nottingham,East Midlands,East Midlands,2r,"Business, Education and Heritage Centres ",2br,University Towns and Cities,2b1r,University Towns and Cities,
E07000138,Lincoln,East Midlands,East Midlands,2r,"Business, Education and Heritage Centres ",2ar,Larger Towns and Cities,2a1r,Larger Towns and Cities,
E07000222,Warwick,West Midlands,West Midlands,2r,"Business, Education and Heritage Centres ",2ar,Larger Towns and Cities,2a1r,Larger Towns and Cities,
E08000026,Coventry,West Midlands,West Midlands,2r,"Business, Education and Heritage Centres ",2ar,Larger Towns and Cities,2a1r,Larger Towns and Cities,
E07000008,Cambridge,East,East,2r,"Business, Education and Heritage Centres ",2br,University Towns and Cities,2b1r,University Towns and Cities,
E07000241,Welwyn Hatfield,East,East,2r,"Business, Education and Heritage Centres ",2ar,Larger Towns and Cities,2a1r,Larger Towns and Cities,
E07000148,Norwich,East,East,2r,"Business, Education and Heritage Centres ",2ar,Larger Towns and Cities,2a1r,Larger Towns and Cities,
E09000021,Kingston upon Thames,London,London,2r,"Business, Education and Heritage Centres ",2br,University Towns and Cities,2b1r,University Towns and Cities,
E06000043,Brighton and Hove,South East,South East,2r,"Business, Education and Heritage Centres ",2br,University Towns and Cities,2b1r,University Towns and Cities,
E06000044,Portsmouth,South East,South East,2r,"Business, Education and Heritage Centres ",2ar,Larger Towns and Cities,2a1r,Larger Towns and Cities,
E06000038,Reading,South East,South East,2r,"Business, Education and Heritage Centres ",2br,University Towns and Cities,2b1r,University Towns and Cities,
E06000045,Southampton,South East,South East,2r,"Business, Education and Heritage Centres ",2ar,Larger Towns and Cities,2a1r,Larger Towns and Cities,
E07000061,Eastbourne,South East,South East,2r,"Business, Education and Heritage Centres ",2ar,Larger Towns and Cities,2a1r,Larger Towns and Cities,
E07000106,Canterbury,South East,South East,2r,"Business, Education and Heritage Centres ",2ar,Larger Towns and Cities,2a1r,Larger Towns and Cities,
E07000178,Oxford,South East,South East,2r,"Business, Education and Heritage Centres ",2br,University Towns and Cities,2b1r,University Towns and Cities,
E06000022,Bath and North East Somerset,South West,South West,2r,"Business, Education and Heritage Centres ",2ar,Larger Towns and Cities,2a1r,Larger Towns and Cities,
E06000028,Bournemouth,South West,South West,2r,"Business, Education and Heritage Centres ",2ar,Larger Towns and Cities,2a1r,Larger Towns and Cities,
E06000023,"Bristol, City of",South West,South West,2r,"Business, Education and Heritage Centres ",2ar,Larger Towns and Cities,2a1r,Larger Towns and Cities,
E06000026,Plymouth,South West,South West,2r,"Business, Education and Heritage Centres ",2ar,Larger Towns and Cities,2a1r,Larger Towns and Cities,
E07000041,Exeter,South West,South West,2r,"Business, Education and Heritage Centres ",2ar,Larger Towns and Cities,2a1r,Larger Towns and Cities,
E07000078,Cheltenham,South West,South West,2r,"Business, Education and Heritage Centres ",2ar,Larger Towns and Cities,2a1r,Larger Towns and Cities,
W06000015,Cardiff,Wales,Wales,2r,"Business, Education and Heritage Centres ",2ar,Larger Towns and Cities,2a1r,Larger Towns and Cities,
S12000033,Aberdeen City,Scotland,Scotland,2r,"Business, Education and Heritage Centres ",2ar,Larger Towns and Cities,2a1r,Larger Towns and Cities,
S12000036,City of Edinburgh,Scotland,Scotland,2r,"Business, Education and Heritage Centres ",2ar,Larger Towns and Cities,2a1r,Larger Towns and Cities,
S12000042,Dundee City,Scotland,Scotland,2r,"Business, Education and Heritage Centres ",2ar,Larger Towns and Cities,2a1r,Larger Towns and Cities,
S12000046,Glasgow City,Scotland,Scotland,2r,"Business, Education and Heritage Centres ",2ar,Larger Towns and Cities,2a1r,Larger Towns and Cities,
N09000003,Belfast,Northern Ireland,Northern Ireland,2r,"Business, Education and Heritage Centres ",2ar,Larger Towns and Cities,2a1r,Larger Towns and Cities,
E06000057,Northumberland,North East,North East,3r,Countryside Living,3ar,English and Welsh Countryside,3a2r,Sparse English and Welsh Countryside,
E07000026,Allerdale,North West,North West,3r,Countryside Living,3ar,English and Welsh Countryside,3a2r,Sparse English and Welsh Countryside,
E07000030,Eden,North West,North West,3r,Countryside Living,3ar,English and Welsh Countryside,3a1r,Older Farming Communities,
E07000031,South Lakeland,North West,North West,3r,Countryside Living,3ar,English and Welsh Countryside,3a1r,Older Farming Communities,
E07000119,Fylde,North West,North West,3r,Countryside Living,3ar,English and Welsh Countryside,3a1r,Older Farming Communities,
E07000124,Ribble Valley,North West,North West,3r,Countryside Living,3ar,English and Welsh Countryside,3a1r,Older Farming Communities,
E07000128,Wyre,North West,North West,3r,Countryside Living,3ar,English and Welsh Countryside,3a2r,Sparse English and Welsh Countryside,
E06000011,East Riding of Yorkshire,Yorkshire and The Humber,Yorkshire and The Humber,3r,Countryside Living,3ar,English and Welsh Countryside,3a2r,Sparse English and Welsh Countryside,
E07000163,Craven,Yorkshire and The Humber,Yorkshire and The Humber,3r,Countryside Living,3ar,English and Welsh Countryside,3a1r,Older Farming Communities,
E07000164,Hambleton,Yorkshire and The Humber,Yorkshire and The Humber,3r,Countryside Living,3ar,English and Welsh Countryside,3a2r,Sparse English and Welsh Countryside,
E07000165,Harrogate,Yorkshire and The Humber,Yorkshire and The Humber,3r,Countryside Living,3ar,English and Welsh Countryside,3a1r,Older Farming Communities,
E07000166,Richmondshire,Yorkshire and The Humber,Yorkshire and The Humber,3r,Countryside Living,3ar,English and Welsh Countryside,3a2r,Sparse English and Welsh Countryside,
E07000167,Ryedale,Yorkshire and The Humber,Yorkshire and The Humber,3r,Countryside Living,3ar,English and Welsh Countryside,3a1r,Older Farming Communities,
E06000017,Rutland,East Midlands,East Midlands,3r,Countryside Living,3ar,English and Welsh Countryside,3a1r,Older Farming Communities,
E07000035,Derbyshire Dales,East Midlands,East Midlands,3r,Countryside Living,3ar,English and Welsh Countryside,3a1r,Older Farming Communities,
E07000139,North Kesteven,East Midlands,East Midlands,3r,Countryside Living,3ar,English and Welsh Countryside,3a2r,Sparse English and Welsh Countryside,
E07000142,West Lindsey,East Midlands,East Midlands,3r,Countryside Living,3ar,English and Welsh Countryside,3a2r,Sparse English and Welsh Countryside,
E06000019,"Herefordshire, County of",West Midlands,West Midlands,3r,Countryside Living,3ar,English and Welsh Countryside,3a2r,Sparse English and Welsh Countryside,
E06000051,Shropshire,West Midlands,West Midlands,3r,Countryside Living,3ar,English and Welsh Countryside,3a2r,Sparse English and Welsh Countryside,
E07000221,Stratford-on-Avon,West Midlands,West Midlands,3r,Countryside Living,3ar,English and Welsh Countryside,3a1r,Older Farming Communities,
E07000235,Malvern Hills,West Midlands,West Midlands,3r,Countryside Living,3ar,English and Welsh Countryside,3a1r,Older Farming Communities,
E07000143,Breckland,East,East,3r,Countryside Living,3ar,English and Welsh Countryside,3a2r,Sparse English and Welsh Countryside,
E07000146,King's Lynn and West Norfolk,East,East,3r,Countryside Living,3ar,English and Welsh Countryside,3a2r,Sparse English and Welsh Countryside,
E07000205,Suffolk Coastal,East,East,3r,Countryside Living,3ar,English and Welsh Countryside,3a2r,Sparse English and Welsh Countryside,
E07000065,Wealden,South East,South East,3r,Countryside Living,3ar,English and Welsh Countryside,3a1r,Older Farming Communities,
E07000225,Chichester,South East,South East,3r,Countryside Living,3ar,English and Welsh Countryside,3a1r,Older Farming Communities,
E06000024,North Somerset,South West,South West,3r,Countryside Living,3ar,English and Welsh Countryside,3a2r,Sparse English and Welsh Countryside,
E07000042,Mid Devon,South West,South West,3r,Countryside Living,3ar,English and Welsh Countryside,3a2r,Sparse English and Welsh Countryside,
E07000044,South Hams,South West,South West,3r,Countryside Living,3ar,English and Welsh Countryside,3a1r,Older Farming Communities,
E07000046,Torridge,South West,South West,3r,Countryside Living,3ar,English and Welsh Countryside,3a1r,Older Farming Communities,
E07000047,West Devon,South West,South West,3r,Countryside Living,3ar,English and Welsh Countryside,3a1r,Older Farming Communities,
E07000049,East Dorset,South West,South West,3r,Countryside Living,3ar,English and Welsh Countryside,3a1r,Older Farming Communities,
E07000050,North Dorset,South West,South West,3r,Countryside Living,3ar,English and Welsh Countryside,3a2r,Sparse English and Welsh Countryside,
E07000051,Purbeck,South West,South West,3r,Countryside Living,3ar,English and Welsh Countryside,3a1r,Older Farming Communities,
E07000052,West Dorset,South West,South West,3r,Countryside Living,3ar,English and Welsh Countryside,3a1r,Older Farming Communities,
E07000079,Cotswold,South West,South West,3r,Countryside Living,3ar,English and Welsh Countryside,3a1r,Older Farming Communities,
E07000187,Mendip,South West,South West,3r,Countryside Living,3ar,English and Welsh Countryside,3a1r,Older Farming Communities,
E07000188,Sedgemoor,South West,South West,3r,Countryside Living,3ar,English and Welsh Countryside,3a2r,Sparse English and Welsh Countryside,
E07000189,South Somerset,South West,South West,3r,Countryside Living,3ar,English and Welsh Countryside,3a2r,Sparse English and Welsh Countryside,
E07000190,Taunton Deane,South West,South West,3r,Countryside Living,3ar,English and Welsh Countryside,3a2r,Sparse English and Welsh Countryside,
W06000001,Isle of Anglesey,Wales,Wales,3r,Countryside Living,3ar,English and Welsh Countryside,3a2r,Sparse English and Welsh Countryside,
W06000002,Gwynedd,Wales,Wales,3r,Countryside Living,3ar,English and Welsh Countryside,3a2r,Sparse English and Welsh Countryside,
W06000004,Denbighshire,Wales,Wales,3r,Countryside Living,3ar,English and Welsh Countryside,3a2r,Sparse English and Welsh Countryside,
W06000008,Ceredigion,Wales,Wales,3r,Countryside Living,3ar,English and Welsh Countryside,3a1r,Older Farming Communities,
W06000009,Pembrokeshire,Wales,Wales,3r,Countryside Living,3ar,English and Welsh Countryside,3a2r,Sparse English and Welsh Countryside,
W06000010,Carmarthenshire,Wales,Wales,3r,Countryside Living,3ar,English and Welsh Countryside,3a2r,Sparse English and Welsh Countryside,
W06000021,Monmouthshire,Wales,Wales,3r,Countryside Living,3ar,English and Welsh Countryside,3a2r,Sparse English and Welsh Countryside,
W06000023,Powys,Wales,Wales,3r,Countryside Living,3ar,English and Welsh Countryside,3a2r,Sparse English and Welsh Countryside,
E07000168,Scarborough,Yorkshire and The Humber,Yorkshire and The Humber,3r,Countryside Living,3br,Remoter Coastal Living,3b1r,Ageing Coastal Living,
E07000137,East Lindsey,East Midlands,East Midlands,3r,Countryside Living,3br,Remoter Coastal Living,3b1r,Ageing Coastal Living,
E07000076,Tendring,East,East,3r,Countryside Living,3br,Remoter Coastal Living,3b1r,Ageing Coastal Living,
E07000145,Great Yarmouth,East,East,3r,Countryside Living,3br,Remoter Coastal Living,3b2r,Seaside Living,
E07000147,North Norfolk,East,East,3r,Countryside Living,3br,Remoter Coastal Living,3b1r,Ageing Coastal Living,
E07000206,Waveney,East,East,3r,Countryside Living,3br,Remoter Coastal Living,3b1r,Ageing Coastal Living,
E06000046,Isle of Wight,South East,South East,3r,Countryside Living,3br,Remoter Coastal Living,3b1r,Ageing Coastal Living,
E07000063,Lewes,South East,South East,3r,Countryside Living,3br,Remoter Coastal Living,3b1r,Ageing Coastal Living,
E07000064,Rother,South East,South East,3r,Countryside Living,3br,Remoter Coastal Living,3b1r,Ageing Coastal Living,
E07000091,New Forest,South East,South East,3r,Countryside Living,3br,Remoter Coastal Living,3b1r,Ageing Coastal Living,
E07000108,Dover,South East,South East,3r,Countryside Living,3br,Remoter Coastal Living,3b2r,Seaside Living,
E07000112,Shepway,South East,South East,3r,Countryside Living,3br,Remoter Coastal Living,3b2r,Seaside Living,
E07000114,Thanet,South East,South East,3r,Countryside Living,3br,Remoter Coastal Living,3b2r,Seaside Living,
E07000224,Arun,South East,South East,3r,Countryside Living,3br,Remoter Coastal Living,3b1r,Ageing Coastal Living,
E06000052,Cornwall,South West,South West,3r,Countryside Living,3br,Remoter Coastal Living,3b1r,Ageing Coastal Living,
E06000053,Isles of Scilly,South West,South West,3r,Countryside Living,3br,Remoter Coastal Living,3b1r,Ageing Coastal Living,
E06000027,Torbay,South West,South West,3r,Countryside Living,3br,Remoter Coastal Living,3b2r,Seaside Living,
E07000040,East Devon,South West,South West,3r,Countryside Living,3br,Remoter Coastal Living,3b1r,Ageing Coastal Living,
E07000043,North Devon,South West,South West,3r,Countryside Living,3br,Remoter Coastal Living,3b1r,Ageing Coastal Living,
E07000045,Teignbridge,South West,South West,3r,Countryside Living,3br,Remoter Coastal Living,3b1r,Ageing Coastal Living,
E07000048,Christchurch,South West,South West,3r,Countryside Living,3br,Remoter Coastal Living,3b1r,Ageing Coastal Living,
E07000053,Weymouth and Portland,South West,South West,3r,Countryside Living,3br,Remoter Coastal Living,3b2r,Seaside Living,
E07000191,West Somerset,South West,South West,3r,Countryside Living,3br,Remoter Coastal Living,3b1r,Ageing Coastal Living,
W06000003,Conwy,Wales,Wales,3r,Countryside Living,3br,Remoter Coastal Living,3b1r,Ageing Coastal Living,
S12000041,Angus,Scotland,Scotland,3r,Countryside Living,3cr,Scottish Countryside,3c1r,Scottish Countryside,
S12000035,Argyll and Bute,Scotland,Scotland,3r,Countryside Living,3cr,Scottish Countryside,3c1r,Scottish Countryside,
S12000006,Dumfries and Galloway,Scotland,Scotland,3r,Countryside Living,3cr,Scottish Countryside,3c1r,Scottish Countryside,
S12000017,Highland,Scotland,Scotland,3r,Countryside Living,3cr,Scottish Countryside,3c1r,Scottish Countryside,
S12000020,Moray,Scotland,Scotland,3r,Countryside Living,3cr,Scottish Countryside,3c1r,Scottish Countryside,
S12000013,Na h-Eileanan Siar,Scotland,Scotland,3r,Countryside Living,3cr,Scottish Countryside,3c1r,Scottish Countryside,
S12000023,Orkney Islands,Scotland,Scotland,3r,Countryside Living,3cr,Scottish Countryside,3c1r,Scottish Countryside,
S12000024,Perth and Kinross,Scotland,Scotland,3r,Countryside Living,3cr,Scottish Countryside,3c1r,Scottish Countryside,
S12000026,Scottish Borders,Scotland,Scotland,3r,Countryside Living,3cr,Scottish Countryside,3c1r,Scottish Countryside,
S12000028,South Ayrshire,Scotland,Scotland,3r,Countryside Living,3cr,Scottish Countryside,3c1r,Scottish Countryside,
S12000030,Stirling,Scotland,Scotland,3r,Countryside Living,3cr,Scottish Countryside,3c1r,Scottish Countryside,
E06000016,Leicester,East Midlands,East Midlands,4r,Ethnically Diverse Metropolitan Living,4ar,Ethnically Diverse Metropolitan  Living,4a1r,Ethnically Diverse Metropolitan  Living,
E08000025,Birmingham,West Midlands,West Midlands,4r,Ethnically Diverse Metropolitan Living,4ar,Ethnically Diverse Metropolitan  Living,4a1r,Ethnically Diverse Metropolitan  Living,
E06000032,Luton,East,East,4r,Ethnically Diverse Metropolitan Living,4ar,Ethnically Diverse Metropolitan  Living,4a1r,Ethnically Diverse Metropolitan  Living,
E09000002,Barking and Dagenham,London,London,4r,Ethnically Diverse Metropolitan Living,4ar,Ethnically Diverse Metropolitan  Living,4a1r,Ethnically Diverse Metropolitan  Living,
E09000003,Barnet,London,London,4r,Ethnically Diverse Metropolitan Living,4ar,Ethnically Diverse Metropolitan  Living,4a1r,Ethnically Diverse Metropolitan  Living,
E09000005,Brent,London,London,4r,Ethnically Diverse Metropolitan Living,4ar,Ethnically Diverse Metropolitan  Living,4a1r,Ethnically Diverse Metropolitan  Living,
E09000008,Croydon,London,London,4r,Ethnically Diverse Metropolitan Living,4ar,Ethnically Diverse Metropolitan  Living,4a1r,Ethnically Diverse Metropolitan  Living,
E09000009,Ealing,London,London,4r,Ethnically Diverse Metropolitan Living,4ar,Ethnically Diverse Metropolitan  Living,4a1r,Ethnically Diverse Metropolitan  Living,
E09000010,Enfield,London,London,4r,Ethnically Diverse Metropolitan Living,4ar,Ethnically Diverse Metropolitan  Living,4a1r,Ethnically Diverse Metropolitan  Living,
E09000011,Greenwich,London,London,4r,Ethnically Diverse Metropolitan Living,4ar,Ethnically Diverse Metropolitan  Living,4a1r,Ethnically Diverse Metropolitan  Living,
E09000015,Harrow,London,London,4r,Ethnically Diverse Metropolitan Living,4ar,Ethnically Diverse Metropolitan  Living,4a1r,Ethnically Diverse Metropolitan  Living,
E09000017,Hillingdon,London,London,4r,Ethnically Diverse Metropolitan Living,4ar,Ethnically Diverse Metropolitan  Living,4a1r,Ethnically Diverse Metropolitan  Living,
E09000018,Hounslow,London,London,4r,Ethnically Diverse Metropolitan Living,4ar,Ethnically Diverse Metropolitan  Living,4a1r,Ethnically Diverse Metropolitan  Living,
E09000023,Lewisham,London,London,4r,Ethnically Diverse Metropolitan Living,4ar,Ethnically Diverse Metropolitan  Living,4a1r,Ethnically Diverse Metropolitan  Living,
E09000024,Merton,London,London,4r,Ethnically Diverse Metropolitan Living,4ar,Ethnically Diverse Metropolitan  Living,4a1r,Ethnically Diverse Metropolitan  Living,
E09000025,Newham,London,London,4r,Ethnically Diverse Metropolitan Living,4ar,Ethnically Diverse Metropolitan  Living,4a1r,Ethnically Diverse Metropolitan  Living,
E09000026,Redbridge,London,London,4r,Ethnically Diverse Metropolitan Living,4ar,Ethnically Diverse Metropolitan  Living,4a1r,Ethnically Diverse Metropolitan  Living,
E09000031,Waltham Forest,London,London,4r,Ethnically Diverse Metropolitan Living,4ar,Ethnically Diverse Metropolitan  Living,4a1r,Ethnically Diverse Metropolitan  Living,
E06000039,Slough,South East,South East,4r,Ethnically Diverse Metropolitan Living,4ar,Ethnically Diverse Metropolitan  Living,4a1r,Ethnically Diverse Metropolitan  Living,
E09000007,Camden,London,London,5r,London Cosmopolitan,5ar,London Cosmopolitan,5a1r,London Cosmopolitan,
E09000001,City of London,London,London,5r,London Cosmopolitan,5ar,London Cosmopolitan,5a1r,London Cosmopolitan,
E09000033,Westminster,London,London,5r,London Cosmopolitan,5ar,London Cosmopolitan,5a1r,London Cosmopolitan,
E09000012,Hackney,London,London,5r,London Cosmopolitan,5ar,London Cosmopolitan,5a1r,London Cosmopolitan,
E09000013,Hammersmith and Fulham,London,London,5r,London Cosmopolitan,5ar,London Cosmopolitan,5a1r,London Cosmopolitan,
E09000014,Haringey,London,London,5r,London Cosmopolitan,5ar,London Cosmopolitan,5a1r,London Cosmopolitan,
E09000019,Islington,London,London,5r,London Cosmopolitan,5ar,London Cosmopolitan,5a1r,London Cosmopolitan,
E09000020,Kensington and Chelsea,London,London,5r,London Cosmopolitan,5ar,London Cosmopolitan,5a1r,London Cosmopolitan,
E09000022,Lambeth,London,London,5r,London Cosmopolitan,5ar,London Cosmopolitan,5a1r,London Cosmopolitan,
E09000028,Southwark,London,London,5r,London Cosmopolitan,5ar,London Cosmopolitan,5a1r,London Cosmopolitan,
E09000030,Tower Hamlets,London,London,5r,London Cosmopolitan,5ar,London Cosmopolitan,5a1r,London Cosmopolitan,
E09000032,Wandsworth,London,London,5r,London Cosmopolitan,5ar,London Cosmopolitan,5a1r,London Cosmopolitan,
E06000047,County Durham,North East,North East,6r,Services and Industrial Legacy   ,6ar,"Services, Manufacturing and Mining Legacy  ",6a2r,Mining Legacy,
E06000005,Darlington,North East,North East,6r,Services and Industrial Legacy   ,6ar,"Services, Manufacturing and Mining Legacy  ",6a3r,Service Economy,
E06000001,Hartlepool,North East,North East,6r,Services and Industrial Legacy   ,6ar,"Services, Manufacturing and Mining Legacy  ",6a2r,Mining Legacy,
E06000003,Redcar and Cleveland,North East,North East,6r,Services and Industrial Legacy   ,6ar,"Services, Manufacturing and Mining Legacy  ",6a2r,Mining Legacy,
E06000004,Stockton-on-Tees,North East,North East,6r,Services and Industrial Legacy   ,6ar,"Services, Manufacturing and Mining Legacy  ",6a1r,Manufacturing Legacy,
E08000037,Gateshead,North East,North East,6r,Services and Industrial Legacy   ,6ar,"Services, Manufacturing and Mining Legacy  ",6a3r,Service Economy,
E08000022,North Tyneside,North East,North East,6r,Services and Industrial Legacy   ,6ar,"Services, Manufacturing and Mining Legacy  ",6a3r,Service Economy,
E08000023,South Tyneside,North East,North East,6r,Services and Industrial Legacy   ,6ar,"Services, Manufacturing and Mining Legacy  ",6a3r,Service Economy,
E08000024,Sunderland,North East,North East,6r,Services and Industrial Legacy   ,6ar,"Services, Manufacturing and Mining Legacy  ",6a2r,Mining Legacy,
E06000009,Blackpool,North West,North West,6r,Services and Industrial Legacy   ,6ar,"Services, Manufacturing and Mining Legacy  ",6a3r,Service Economy,
E06000006,Halton,North West,North West,6r,Services and Industrial Legacy   ,6ar,"Services, Manufacturing and Mining Legacy  ",6a1r,Manufacturing Legacy,
E07000027,Barrow-in-Furness,North West,North West,6r,Services and Industrial Legacy   ,6ar,"Services, Manufacturing and Mining Legacy  ",6a2r,Mining Legacy,
E07000028,Carlisle,North West,North West,6r,Services and Industrial Legacy   ,6ar,"Services, Manufacturing and Mining Legacy  ",6a1r,Manufacturing Legacy,
E07000029,Copeland,North West,North West,6r,Services and Industrial Legacy   ,6ar,"Services, Manufacturing and Mining Legacy  ",6a2r,Mining Legacy,
E08000010,Wigan,North West,North West,6r,Services and Industrial Legacy   ,6ar,"Services, Manufacturing and Mining Legacy  ",6a1r,Manufacturing Legacy,
E07000125,Rossendale,North West,North West,6r,Services and Industrial Legacy   ,6ar,"Services, Manufacturing and Mining Legacy  ",6a1r,Manufacturing Legacy,
E08000011,Knowsley,North West,North West,6r,Services and Industrial Legacy   ,6ar,"Services, Manufacturing and Mining Legacy  ",6a2r,Mining Legacy,
E08000014,Sefton,North West,North West,6r,Services and Industrial Legacy   ,6ar,"Services, Manufacturing and Mining Legacy  ",6a3r,Service Economy,
E08000013,St. Helens,North West,North West,6r,Services and Industrial Legacy   ,6ar,"Services, Manufacturing and Mining Legacy  ",6a1r,Manufacturing Legacy,
E08000015,Wirral,North West,North West,6r,Services and Industrial Legacy   ,6ar,"Services, Manufacturing and Mining Legacy  ",6a3r,Service Economy,
E06000012,North East Lincolnshire,Yorkshire and The Humber,Yorkshire and The Humber,6r,Services and Industrial Legacy   ,6ar,"Services, Manufacturing and Mining Legacy  ",6a1r,Manufacturing Legacy,
E08000016,Barnsley,Yorkshire and The Humber,Yorkshire and The Humber,6r,Services and Industrial Legacy   ,6ar,"Services, Manufacturing and Mining Legacy  ",6a1r,Manufacturing Legacy,
E08000017,Doncaster,Yorkshire and The Humber,Yorkshire and The Humber,6r,Services and Industrial Legacy   ,6ar,"Services, Manufacturing and Mining Legacy  ",6a1r,Manufacturing Legacy,
E08000018,Rotherham,Yorkshire and The Humber,Yorkshire and The Humber,6r,Services and Industrial Legacy   ,6ar,"Services, Manufacturing and Mining Legacy  ",6a1r,Manufacturing Legacy,
E08000036,Wakefield,Yorkshire and The Humber,Yorkshire and The Humber,6r,Services and Industrial Legacy   ,6ar,"Services, Manufacturing and Mining Legacy  ",6a1r,Manufacturing Legacy,
E07000033,Bolsover,East Midlands,East Midlands,6r,Services and Industrial Legacy   ,6ar,"Services, Manufacturing and Mining Legacy  ",6a1r,Manufacturing Legacy,
E07000034,Chesterfield,East Midlands,East Midlands,6r,Services and Industrial Legacy   ,6ar,"Services, Manufacturing and Mining Legacy  ",6a1r,Manufacturing Legacy,
E07000170,Ashfield,East Midlands,East Midlands,6r,Services and Industrial Legacy   ,6ar,"Services, Manufacturing and Mining Legacy  ",6a1r,Manufacturing Legacy,
E07000174,Mansfield,East Midlands,East Midlands,6r,Services and Industrial Legacy   ,6ar,"Services, Manufacturing and Mining Legacy  ",6a1r,Manufacturing Legacy,
E07000192,Cannock Chase,West Midlands,West Midlands,6r,Services and Industrial Legacy   ,6ar,"Services, Manufacturing and Mining Legacy  ",6a1r,Manufacturing Legacy,
E07000199,Tamworth,West Midlands,West Midlands,6r,Services and Industrial Legacy   ,6ar,"Services, Manufacturing and Mining Legacy  ",6a1r,Manufacturing Legacy,
E08000027,Dudley,West Midlands,West Midlands,6r,Services and Industrial Legacy   ,6ar,"Services, Manufacturing and Mining Legacy  ",6a1r,Manufacturing Legacy,
E07000088,Gosport,South East,South East,6r,Services and Industrial Legacy   ,6ar,"Services, Manufacturing and Mining Legacy  ",6a3r,Service Economy,
E07000090,Havant,South East,South East,6r,Services and Industrial Legacy   ,6ar,"Services, Manufacturing and Mining Legacy  ",6a1r,Manufacturing Legacy,
W06000006,Wrexham,Wales,Wales,6r,Services and Industrial Legacy   ,6ar,"Services, Manufacturing and Mining Legacy  ",6a1r,Manufacturing Legacy,
W06000011,Swansea,Wales,Wales,6r,Services and Industrial Legacy   ,6ar,"Services, Manufacturing and Mining Legacy  ",6a3r,Service Economy,
W06000012,Neath Port Talbot,Wales,Wales,6r,Services and Industrial Legacy   ,6ar,"Services, Manufacturing and Mining Legacy  ",6a2r,Mining Legacy,
W06000013,Bridgend,Wales,Wales,6r,Services and Industrial Legacy   ,6ar,"Services, Manufacturing and Mining Legacy  ",6a2r,Mining Legacy,
W06000016,Rhondda Cynon Taf,Wales,Wales,6r,Services and Industrial Legacy   ,6ar,"Services, Manufacturing and Mining Legacy  ",6a2r,Mining Legacy,
W06000018,Caerphilly,Wales,Wales,6r,Services and Industrial Legacy   ,6ar,"Services, Manufacturing and Mining Legacy  ",6a2r,Mining Legacy,
W06000019,Blaenau Gwent,Wales,Wales,6r,Services and Industrial Legacy   ,6ar,"Services, Manufacturing and Mining Legacy  ",6a2r,Mining Legacy,
W06000020,Torfaen,Wales,Wales,6r,Services and Industrial Legacy   ,6ar,"Services, Manufacturing and Mining Legacy  ",6a2r,Mining Legacy,
W06000024,Merthyr Tydfil,Wales,Wales,6r,Services and Industrial Legacy   ,6ar,"Services, Manufacturing and Mining Legacy  ",6a2r,Mining Legacy,
N09000005,Derry City and Strabane,Northern Ireland,Northern Ireland,6r,Services and Industrial Legacy   ,6ar,"Services, Manufacturing and Mining Legacy  ",6a2r,Mining Legacy,
S12000005,Clackmannanshire,Scotland,Scotland,6r,Services and Industrial Legacy   ,6br,Scottish Industrial Heritage,6b1r,Scottish Industrial Legacy,
S12000008,East Ayrshire,Scotland,Scotland,6r,Services and Industrial Legacy   ,6br,Scottish Industrial Heritage,6b1r,Scottish Industrial Legacy,
S12000010,East Lothian,Scotland,Scotland,6r,Services and Industrial Legacy   ,6br,Scottish Industrial Heritage,6b1r,Scottish Industrial Legacy,
S12000014,Falkirk,Scotland,Scotland,6r,Services and Industrial Legacy   ,6br,Scottish Industrial Heritage,6b1r,Scottish Industrial Legacy,
S12000015,Fife,Scotland,Scotland,6r,Services and Industrial Legacy   ,6br,Scottish Industrial Heritage,6b1r,Scottish Industrial Legacy,
S12000018,Inverclyde,Scotland,Scotland,6r,Services and Industrial Legacy   ,6br,Scottish Industrial Heritage,6b1r,Scottish Industrial Legacy,
S12000019,Midlothian,Scotland,Scotland,6r,Services and Industrial Legacy   ,6br,Scottish Industrial Heritage,6b1r,Scottish Industrial Legacy,
S12000021,North Ayrshire,Scotland,Scotland,6r,Services and Industrial Legacy   ,6br,Scottish Industrial Heritage,6b1r,Scottish Industrial Legacy,
S12000044,North Lanarkshire,Scotland,Scotland,6r,Services and Industrial Legacy   ,6br,Scottish Industrial Heritage,6b1r,Scottish Industrial Legacy,
S12000038,Renfrewshire,Scotland,Scotland,6r,Services and Industrial Legacy   ,6br,Scottish Industrial Heritage,6b1r,Scottish Industrial Legacy,
S12000029,South Lanarkshire,Scotland,Scotland,6r,Services and Industrial Legacy   ,6br,Scottish Industrial Heritage,6b1r,Scottish Industrial Legacy,
S12000039,West Dunbartonshire,Scotland,Scotland,6r,Services and Industrial Legacy   ,6br,Scottish Industrial Heritage,6b1r,Scottish Industrial Legacy,
S12000040,West Lothian,Scotland,Scotland,6r,Services and Industrial Legacy   ,6br,Scottish Industrial Heritage,6b1r,Scottish Industrial Legacy,
E06000049,Cheshire East,North West,North West,7r,Town and Country Living,7ar,Country Living,7a1r,Country Living,
E06000013,North Lincolnshire,Yorkshire and The Humber,Yorkshire and The Humber,7r,Town and Country Living,7ar,Country Living,7a1r,Country Living,
E07000169,Selby,Yorkshire and The Humber,Yorkshire and The Humber,7r,Town and Country Living,7ar,Country Living,7a1r,Country Living,
E07000032,Amber Valley,East Midlands,East Midlands,7r,Town and Country Living,7ar,Country Living,7a1r,Country Living,
E07000036,Erewash,East Midlands,East Midlands,7r,Town and Country Living,7ar,Country Living,7a1r,Country Living,
E07000039,South Derbyshire,East Midlands,East Midlands,7r,Town and Country Living,7ar,Country Living,7a1r,Country Living,
E07000131,Harborough,East Midlands,East Midlands,7r,Town and Country Living,7ar,Country Living,7a1r,Country Living,
E07000132,Hinckley and Bosworth,East Midlands,East Midlands,7r,Town and Country Living,7ar,Country Living,7a1r,Country Living,
E07000133,Melton,East Midlands,East Midlands,7r,Town and Country Living,7ar,Country Living,7a1r,Country Living,
E07000134,North West Leicestershire,East Midlands,East Midlands,7r,Town and Country Living,7ar,Country Living,7a1r,Country Living,
E07000140,South Holland,East Midlands,East Midlands,7r,Town and Country Living,7ar,Country Living,7a1r,Country Living,
E07000141,South Kesteven,East Midlands,East Midlands,7r,Town and Country Living,7ar,Country Living,7a1r,Country Living,
E07000151,Daventry,East Midlands,East Midlands,7r,Town and Country Living,7ar,Country Living,7a1r,Country Living,
E07000152,East Northamptonshire,East Midlands,East Midlands,7r,Town and Country Living,7ar,Country Living,7a1r,Country Living,
E07000155,South Northamptonshire,East Midlands,East Midlands,7r,Town and Country Living,7ar,Country Living,7a1r,Country Living,
E07000171,Bassetlaw,East Midlands,East Midlands,7r,Town and Country Living,7ar,Country Living,7a1r,Country Living,
E07000175,Newark and Sherwood,East Midlands,East Midlands,7r,Town and Country Living,7ar,Country Living,7a1r,Country Living,
E07000193,East Staffordshire,West Midlands,West Midlands,7r,Town and Country Living,7ar,Country Living,7a1r,Country Living,
E07000198,Staffordshire Moorlands,West Midlands,West Midlands,7r,Town and Country Living,7ar,Country Living,7a1r,Country Living,
E07000218,North Warwickshire,West Midlands,West Midlands,7r,Town and Country Living,7ar,Country Living,7a1r,Country Living,
E07000238,Wychavon,West Midlands,West Midlands,7r,Town and Country Living,7ar,Country Living,7a1r,Country Living,
E07000239,Wyre Forest,West Midlands,West Midlands,7r,Town and Country Living,7ar,Country Living,7a1r,Country Living,
E07000009,East Cambridgeshire,East,East,7r,Town and Country Living,7ar,Country Living,7a1r,Country Living,
E07000010,Fenland,East,East,7r,Town and Country Living,7ar,Country Living,7a1r,Country Living,
E07000011,Huntingdonshire,East,East,7r,Town and Country Living,7ar,Country Living,7a1r,Country Living,
E07000067,Braintree,East,East,7r,Town and Country Living,7ar,Country Living,7a1r,Country Living,
E07000074,Maldon,East,East,7r,Town and Country Living,7ar,Country Living,7a1r,Country Living,
E07000144,Broadland,East,East,7r,Town and Country Living,7ar,Country Living,7a1r,Country Living,
E07000149,South Norfolk,East,East,7r,Town and Country Living,7ar,Country Living,7a1r,Country Living,
E07000200,Babergh,East,East,7r,Town and Country Living,7ar,Country Living,7a1r,Country Living,
E07000203,Mid Suffolk,East,East,7r,Town and Country Living,7ar,Country Living,7a1r,Country Living,
E07000204,St Edmundsbury,East,East,7r,Town and Country Living,7ar,Country Living,7a1r,Country Living,
E07000105,Ashford,South East,South East,7r,Town and Country Living,7ar,Country Living,7a1r,Country Living,
E07000113,Swale,South East,South East,7r,Town and Country Living,7ar,Country Living,7a1r,Country Living,
E06000054,Wiltshire,South West,South West,7r,Town and Country Living,7ar,Country Living,7a1r,Country Living,
E07000080,Forest of Dean,South West,South West,7r,Town and Country Living,7ar,Country Living,7a1r,Country Living,
E07000082,Stroud,South West,South West,7r,Town and Country Living,7ar,Country Living,7a1r,Country Living,
E07000083,Tewkesbury,South West,South West,7r,Town and Country Living,7ar,Country Living,7a1r,Country Living,
W06000005,Flintshire,Wales,Wales,7r,Town and Country Living,7ar,Country Living,7a1r,Country Living,
S12000034,Aberdeenshire,Scotland,Scotland,7r,Town and Country Living,7ar,Country Living,7a1r,Country Living,
S12000027,Shetland Islands,Scotland,Scotland,7r,Town and Country Living,7ar,Country Living,7a1r,Country Living,
N09000001,Antrim and Newtownabbey,Northern Ireland,Northern Ireland,7r,Town and Country Living,7br,Northern Ireland Countryside,7b1r,Northern Ireland Countryside,
N09000002,"Armagh City, Banbridge and Craigavon",Northern Ireland,Northern Ireland,7r,Town and Country Living,7br,Northern Ireland Countryside,7b1r,Northern Ireland Countryside,
N09000004,Causeway Coast and Glens,Northern Ireland,Northern Ireland,7r,Town and Country Living,7br,Northern Ireland Countryside,7b1r,Northern Ireland Countryside,
N09000006,Fermanagh and Omagh,Northern Ireland,Northern Ireland,7r,Town and Country Living,7br,Northern Ireland Countryside,7b1r,Northern Ireland Countryside,
N09000007,Lisburn and Castlereagh,Northern Ireland,Northern Ireland,7r,Town and Country Living,7br,Northern Ireland Countryside,7b1r,Northern Ireland Countryside,
N09000008,Mid and East Antrim,Northern Ireland,Northern Ireland,7r,Town and Country Living,7br,Northern Ireland Countryside,7b1r,Northern Ireland Countryside,
N09000009,Mid Ulster,Northern Ireland,Northern Ireland,7r,Town and Country Living,7br,Northern Ireland Countryside,7b1r,Northern Ireland Countryside,
N09000010,"Newry, Mourne and Down",Northern Ireland,Northern Ireland,7r,Town and Country Living,7br,Northern Ireland Countryside,7b1r,Northern Ireland Countryside,
E06000050,Cheshire West and Chester,North West,North West,7r,Town and Country Living,7cr,Town Living,7c2r,Prosperous Towns,
E06000007,Warrington,North West,North West,7r,Town and Country Living,7cr,Town Living,7c2r,Prosperous Towns,
E08000007,Stockport,North West,North West,7r,Town and Country Living,7cr,Town Living,7c2r,Prosperous Towns,
E07000118,Chorley,North West,North West,7r,Town and Country Living,7cr,Town Living,7c2r,Prosperous Towns,
E07000126,South Ribble,North West,North West,7r,Town and Country Living,7cr,Town Living,7c2r,Prosperous Towns,
E07000127,West Lancashire,North West,North West,7r,Town and Country Living,7cr,Town Living,7c2r,Prosperous Towns,
E07000037,High Peak,East Midlands,East Midlands,7r,Town and Country Living,7cr,Town Living,7c2r,Prosperous Towns,
E07000038,North East Derbyshire,East Midlands,East Midlands,7r,Town and Country Living,7cr,Town Living,7c1r,Prosperous Semi-rural,
E07000129,Blaby,East Midlands,East Midlands,7r,Town and Country Living,7cr,Town Living,7c2r,Prosperous Towns,
E07000130,Charnwood,East Midlands,East Midlands,7r,Town and Country Living,7cr,Town Living,7c2r,Prosperous Towns,
E07000135,Oadby and Wigston,East Midlands,East Midlands,7r,Town and Country Living,7cr,Town Living,7c2r,Prosperous Towns,
E07000172,Broxtowe,East Midlands,East Midlands,7r,Town and Country Living,7cr,Town Living,7c2r,Prosperous Towns,
E07000173,Gedling,East Midlands,East Midlands,7r,Town and Country Living,7cr,Town Living,7c2r,Prosperous Towns,
E07000194,Lichfield,West Midlands,West Midlands,7r,Town and Country Living,7cr,Town Living,7c2r,Prosperous Towns,
E07000195,Newcastle-under-Lyme,West Midlands,West Midlands,7r,Town and Country Living,7cr,Town Living,7c2r,Prosperous Towns,
E07000196,South Staffordshire,West Midlands,West Midlands,7r,Town and Country Living,7cr,Town Living,7c1r,Prosperous Semi-rural,
E07000197,Stafford,West Midlands,West Midlands,7r,Town and Country Living,7cr,Town Living,7c2r,Prosperous Towns,
E08000029,Solihull,West Midlands,West Midlands,7r,Town and Country Living,7cr,Town Living,7c2r,Prosperous Towns,
E07000234,Bromsgrove,West Midlands,West Midlands,7r,Town and Country Living,7cr,Town Living,7c1r,Prosperous Semi-rural,
E07000069,Castle Point,East,East,7r,Town and Country Living,7cr,Town Living,7c1r,Prosperous Semi-rural,
E07000075,Rochford,East,East,7r,Town and Country Living,7cr,Town Living,7c1r,Prosperous Semi-rural,
E07000086,Eastleigh,South East,South East,7r,Town and Country Living,7cr,Town Living,7c2r,Prosperous Towns,
E07000087,Fareham,South East,South East,7r,Town and Country Living,7cr,Town Living,7c2r,Prosperous Towns,
E07000223,Adur,South East,South East,7r,Town and Country Living,7cr,Town Living,7c2r,Prosperous Towns,
E06000029,Poole,South West,South West,7r,Town and Country Living,7cr,Town Living,7c2r,Prosperous Towns,
E06000025,South Gloucestershire,South West,South West,7r,Town and Country Living,7cr,Town Living,7c2r,Prosperous Towns,
W06000014,Vale of Glamorgan,Wales,Wales,7r,Town and Country Living,7cr,Town Living,7c2r,Prosperous Towns,
S12000045,East Dunbartonshire,Scotland,Scotland,7r,Town and Country Living,7cr,Town Living,7c1r,Prosperous Semi-rural,
S12000011,East Renfrewshire,Scotland,Scotland,7r,Town and Country Living,7cr,Town Living,7c1r,Prosperous Semi-rural,
N09000011,Ards and North Down,Northern Ireland,Northern Ireland,7r,Town and Country Living,7cr,Town Living,7c2r,Prosperous Towns,
E06000002,Middlesbrough,North East,North East,8r,Urban Settlements,8ar,Manufacturing Traits,8a1r,Industrial and Multi-ethnic,
E06000008,Blackburn with Darwen,North West,North West,8r,Urban Settlements,8ar,Manufacturing Traits,8a1r,Industrial and Multi-ethnic,
E08000001,Bolton,North West,North West,8r,Urban Settlements,8ar,Manufacturing Traits,8a1r,Industrial and Multi-ethnic,
E08000002,Bury,North West,North West,8r,Urban Settlements,8ar,Manufacturing Traits,8a2r,Urban Living,
E08000004,Oldham,North West,North West,8r,Urban Settlements,8ar,Manufacturing Traits,8a1r,Industrial and Multi-ethnic,
E08000005,Rochdale,North West,North West,8r,Urban Settlements,8ar,Manufacturing Traits,8a1r,Industrial and Multi-ethnic,
E08000006,Salford,North West,North West,8r,Urban Settlements,8ar,Manufacturing Traits,8a1r,Industrial and Multi-ethnic,
E08000008,Tameside,North West,North West,8r,Urban Settlements,8ar,Manufacturing Traits,8a2r,Urban Living,
E07000117,Burnley,North West,North West,8r,Urban Settlements,8ar,Manufacturing Traits,8a2r,Urban Living,
E07000120,Hyndburn,North West,North West,8r,Urban Settlements,8ar,Manufacturing Traits,8a2r,Urban Living,
E07000122,Pendle,North West,North West,8r,Urban Settlements,8ar,Manufacturing Traits,8a2r,Urban Living,
E06000010,"Kingston upon Hull, City of",Yorkshire and The Humber,Yorkshire and The Humber,8r,Urban Settlements,8ar,Manufacturing Traits,8a1r,Industrial and Multi-ethnic,
E08000032,Bradford,Yorkshire and The Humber,Yorkshire and The Humber,8r,Urban Settlements,8ar,Manufacturing Traits,8a1r,Industrial and Multi-ethnic,
E08000033,Calderdale,Yorkshire and The Humber,Yorkshire and The Humber,8r,Urban Settlements,8ar,Manufacturing Traits,8a2r,Urban Living,
E08000034,Kirklees,Yorkshire and The Humber,Yorkshire and The Humber,8r,Urban Settlements,8ar,Manufacturing Traits,8a1r,Industrial and Multi-ethnic,
E06000015,Derby,East Midlands,East Midlands,8r,Urban Settlements,8ar,Manufacturing Traits,8a1r,Industrial and Multi-ethnic,
E07000136,Boston,East Midlands,East Midlands,8r,Urban Settlements,8ar,Manufacturing Traits,8a2r,Urban Living,
E07000153,Kettering,East Midlands,East Midlands,8r,Urban Settlements,8ar,Manufacturing Traits,8a2r,Urban Living,
E06000021,Stoke-on-Trent,West Midlands,West Midlands,8r,Urban Settlements,8ar,Manufacturing Traits,8a1r,Industrial and Multi-ethnic,
E06000020,Telford and Wrekin,West Midlands,West Midlands,8r,Urban Settlements,8ar,Manufacturing Traits,8a2r,Urban Living,
E07000219,Nuneaton and Bedworth,West Midlands,West Midlands,8r,Urban Settlements,8ar,Manufacturing Traits,8a2r,Urban Living,
E08000028,Sandwell,West Midlands,West Midlands,8r,Urban Settlements,8ar,Manufacturing Traits,8a1r,Industrial and Multi-ethnic,
E08000030,Walsall,West Midlands,West Midlands,8r,Urban Settlements,8ar,Manufacturing Traits,8a1r,Industrial and Multi-ethnic,
E08000031,Wolverhampton,West Midlands,West Midlands,8r,Urban Settlements,8ar,Manufacturing Traits,8a1r,Industrial and Multi-ethnic,
E07000236,Redditch,West Midlands,West Midlands,8r,Urban Settlements,8ar,Manufacturing Traits,8a2r,Urban Living,
E07000237,Worcester,West Midlands,West Midlands,8r,Urban Settlements,8ar,Manufacturing Traits,8a2r,Urban Living,
E06000033,Southend-on-Sea,East,East,8r,Urban Settlements,8ar,Manufacturing Traits,8a2r,Urban Living,
E07000202,Ipswich,East,East,8r,Urban Settlements,8ar,Manufacturing Traits,8a1r,Industrial and Multi-ethnic,
E07000062,Hastings,South East,South East,8r,Urban Settlements,8ar,Manufacturing Traits,8a2r,Urban Living,
E07000229,Worthing,South East,South East,8r,Urban Settlements,8ar,Manufacturing Traits,8a2r,Urban Living,
E07000081,Gloucester,South West,South West,8r,Urban Settlements,8ar,Manufacturing Traits,8a2r,Urban Living,
W06000022,Newport,Wales,Wales,8r,Urban Settlements,8ar,Manufacturing Traits,8a1r,Industrial and Multi-ethnic,
E08000009,Trafford,North West,North West,8r,Urban Settlements,8br,Suburban Traits,8b1r,City Periphery,
E07000150,Corby,East Midlands,East Midlands,8r,Urban Settlements,8br,Suburban Traits,8b2r,Expanding Areas,
E07000154,Northampton,East Midlands,East Midlands,8r,Urban Settlements,8br,Suburban Traits,8b2r,Expanding Areas,
E07000156,Wellingborough,East Midlands,East Midlands,8r,Urban Settlements,8br,Suburban Traits,8b2r,Expanding Areas,
E07000220,Rugby,West Midlands,West Midlands,8r,Urban Settlements,8br,Suburban Traits,8b2r,Expanding Areas,
E06000055,Bedford,East,East,8r,Urban Settlements,8br,Suburban Traits,8b2r,Expanding Areas,
E06000031,Peterborough,East,East,8r,Urban Settlements,8br,Suburban Traits,8b2r,Expanding Areas,
E06000034,Thurrock,East,East,8r,Urban Settlements,8br,Suburban Traits,8b1r,City Periphery,
E07000066,Basildon,East,East,8r,Urban Settlements,8br,Suburban Traits,8b1r,City Periphery,
E07000073,Harlow,East,East,8r,Urban Settlements,8br,Suburban Traits,8b1r,City Periphery,
E07000095,Broxbourne,East,East,8r,Urban Settlements,8br,Suburban Traits,8b1r,City Periphery,
E07000243,Stevenage,East,East,8r,Urban Settlements,8br,Suburban Traits,8b1r,City Periphery,
E07000103,Watford,East,East,8r,Urban Settlements,8br,Suburban Traits,8b2r,Expanding Areas,
E09000004,Bexley,London,London,8r,Urban Settlements,8br,Suburban Traits,8b1r,City Periphery,
E09000016,Havering,London,London,8r,Urban Settlements,8br,Suburban Traits,8b1r,City Periphery,
E09000029,Sutton,London,London,8r,Urban Settlements,8br,Suburban Traits,8b1r,City Periphery,
E06000035,Medway,South East,South East,8r,Urban Settlements,8br,Suburban Traits,8b1r,City Periphery,
E06000042,Milton Keynes,South East,South East,8r,Urban Settlements,8br,Suburban Traits,8b2r,Expanding Areas,
E07000092,Rushmoor,South East,South East,8r,Urban Settlements,8br,Suburban Traits,8b2r,Expanding Areas,
E07000107,Dartford,South East,South East,8r,Urban Settlements,8br,Suburban Traits,8b1r,City Periphery,
E07000109,Gravesham,South East,South East,8r,Urban Settlements,8br,Suburban Traits,8b1r,City Periphery,
E07000226,Crawley,South East,South East,8r,Urban Settlements,8br,Suburban Traits,8b2r,Expanding Areas,
E06000030,Swindon,South West,South West,8r,Urban Settlements,8br,Suburban Traits,8b2r,Expanding Areas,
E06000059,Dorset,South West,South West,3r,Countryside Living,3ar,English and Welsh Countryside,3a1r,Older Farming Communities,
E06000061,North Northamptonshire,East Midlands,East Midlands,8r,Urban Settlements,8br,Suburban Traits,8b2r,Expanding Areas,
E06000062,West Northamptonshire,East Midlands,East Midlands,8r,Urban Settlements,8br,Suburban Traits,8b2r,Expanding Areas,
E06000060,Buckinghamshire,South East,South East,1r,Affluent England,1br,Thriving Rural,1b2r,Rural Growth Areas,
E07000244,East Suffolk,East,East,3r,Countryside Living,3br,Remoter Coastal Living,3b1r,Ageing Coastal Living,
E07000245,West Suffolk,East,East,7r,Town and Country Living,7ar,Country Living,7a1r,Country Living,
E07000246,Somerset West and Taunton,South West,South West,3r,Countryside Living,3ar,English and Welsh Countryside,3a2r,Sparse English and Welsh Countryside,
E06000058,"Bournemouth, Christchurch and Poole",South West,South West,3r,Countryside Living,3br,Remoter Coastal Living,3b2r,Seaside Living,